2020-05-08T23:11:36.021265+02:00,Charlie,[encrypted content]
2020-05-08T23:11:36.022266+02:00,PET,[encrypted message]
2020-05-08T23:11:36.023190+02:00,Greig,[encrypted content]
2020-05-08T23:11:36.024101+02:00,Dave,[encrypted content]
2020-05-08T23:11:36.025018+02:00,Frank,[encrypted content]
2020-05-08T23:11:36.025934+02:00,Charlie,[encrypted content]
2020-05-08T23:11:36.026833+02:00,Greig,[encrypted content]
2020-05-08T23:11:36.027726+02:00,Dave,[encrypted content]
2020-05-08T23:11:36.028615+02:00,PET,[encrypted message]
2020-05-08T23:11:36.029560+02:00,PET,[encrypted message]
2020-05-08T23:11:36.030477+02:00,Greig,[encrypted content]
2020-05-08T23:12:19.398229+02:00,Dave,[encrypted content]
2020-05-08T23:12:19.399285+02:00,Bob,[encrypted content]
2020-05-08T23:12:19.400318+02:00,Greig,[encrypted content]
2020-05-08T23:12:19.401355+02:00,Bob,[encrypted content]
2020-05-08T23:12:19.402301+02:00,Dave,[encrypted content]
2020-05-08T23:12:19.403221+02:00,Frank,[encrypted content]
2020-05-08T23:12:19.404129+02:00,Dave,[encrypted content]
2020-05-08T23:12:19.405050+02:00,Charlie,[encrypted content]
2020-05-08T23:12:19.405976+02:00,Greig,[encrypted content]
2020-05-08T23:12:19.406878+02:00,Bob,[encrypted content]
2020-05-08T23:12:19.407834+02:00,Dave,[encrypted content]
2020-05-08T23:12:54.209236+02:00,Frank,[encrypted content]
2020-05-08T23:12:54.210261+02:00,Bob,[encrypted content]
2020-05-08T23:12:54.211199+02:00,Alice,[encrypted content]
2020-05-08T23:12:54.212118+02:00,Charlie,[encrypted content]
2020-05-08T23:12:54.213024+02:00,Bob,[encrypted content]
2020-05-08T23:12:54.214018+02:00,Bob,[encrypted content]
2020-05-08T23:12:54.214932+02:00,Alice,[encrypted content]
2020-05-08T23:12:54.215834+02:00,Frank,[encrypted content]
2020-05-08T23:12:54.216720+02:00,Frank,[encrypted content]
2020-05-08T23:12:54.217710+02:00,Bob,[encrypted content]
2020-05-08T23:12:54.218662+02:00,Alice,[encrypted content]
2020-05-08T23:13:26.657707+02:00,Bob,[encrypted content]
2020-05-08T23:13:26.658761+02:00,Greig,[encrypted content]
2020-05-08T23:13:26.659712+02:00,Alice,[encrypted content]
2020-05-08T23:13:26.660650+02:00,Charlie,[encrypted content]
2020-05-08T23:13:26.661581+02:00,Frank,[encrypted content]
2020-05-08T23:13:26.662496+02:00,Greig,[encrypted content]
2020-05-08T23:13:26.663405+02:00,Bob,[encrypted content]
2020-05-08T23:13:26.664308+02:00,Charlie,[encrypted content]
2020-05-08T23:13:26.665240+02:00,Charlie,[encrypted content]
2020-05-08T23:13:26.666166+02:00,Greig,[encrypted content]
2020-05-08T23:13:26.667075+02:00,Alice,[encrypted content]
2020-05-08T23:13:53.319029+02:00,Bob,[encrypted content]
2020-05-08T23:13:53.320095+02:00,Charlie,[encrypted content]
2020-05-08T23:13:53.321027+02:00,Dave,[encrypted content]
2020-05-08T23:13:53.322005+02:00,Charlie,[encrypted content]
2020-05-08T23:13:53.322912+02:00,Dave,[encrypted content]
2020-05-08T23:13:53.323804+02:00,Alice,[encrypted content]
2020-05-08T23:13:53.324726+02:00,Alice,[encrypted content]
2020-05-08T23:13:53.325633+02:00,Alice,[encrypted content]
2020-05-08T23:13:53.326544+02:00,Greig,[encrypted content]
2020-05-08T23:13:53.327440+02:00,Alice,[encrypted content]
2020-05-08T23:13:53.328340+02:00,Alice,[encrypted content]
2020-05-08T23:14:14.222755+02:00,Charlie,[encrypted content]
2020-05-08T23:14:14.223747+02:00,Charlie,[encrypted content]
2020-05-08T23:14:14.224675+02:00,Alice,[encrypted content]
2020-05-08T23:14:14.225593+02:00,Dave,[encrypted content]
2020-05-08T23:14:14.226493+02:00,Frank,[encrypted content]
2020-05-08T23:14:14.227407+02:00,Charlie,[encrypted content]
2020-05-08T23:14:14.228300+02:00,Charlie,[encrypted content]
2020-05-08T23:14:14.229223+02:00,Alice,[encrypted content]
2020-05-08T23:14:14.230131+02:00,Charlie,[encrypted content]
2020-05-08T23:14:14.231029+02:00,Alice,[encrypted content]
2020-05-08T23:14:14.231909+02:00,Greig,[encrypted content]
2020-05-08T23:14:40.921223+02:00,Charlie,[encrypted content]
2020-05-08T23:14:40.922283+02:00,Charlie,[encrypted content]
2020-05-08T23:14:40.923237+02:00,Bob,[encrypted content]
2020-05-08T23:14:40.924163+02:00,Charlie,[encrypted content]
2020-05-08T23:14:40.925087+02:00,Greig,[encrypted content]
2020-05-08T23:14:40.926108+02:00,Dave,[encrypted content]
2020-05-08T23:14:40.927051+02:00,Greig,[encrypted content]
2020-05-08T23:14:40.927956+02:00,Charlie,[encrypted content]
2020-05-08T23:14:40.928850+02:00,Greig,[encrypted content]
2020-05-08T23:14:40.929741+02:00,Dave,[encrypted content]
2020-05-08T23:14:40.930626+02:00,PETs,27
2020-05-08T23:15:15.009134+02:00,Dave,[encrypted content]
2020-05-08T23:15:15.010176+02:00,Bob,[encrypted content]
2020-05-08T23:15:15.011109+02:00,Greig,[encrypted content]
2020-05-08T23:15:15.012024+02:00,Alice,[encrypted content]
2020-05-08T23:15:15.012930+02:00,Bob,[encrypted content]
2020-05-08T23:15:15.013842+02:00,Charlie,[encrypted content]
2020-05-08T23:15:15.014736+02:00,Greig,[encrypted content]
2020-05-08T23:15:15.015638+02:00,Charlie,[encrypted content]
2020-05-08T23:15:15.016556+02:00,Charlie,[encrypted content]
2020-05-08T23:15:15.017472+02:00,Charlie,[encrypted content]
2020-05-08T23:15:15.018368+02:00,Alice,[encrypted content]
2020-05-08T23:15:40.897730+02:00,Dave,[encrypted content]
2020-05-08T23:15:40.898789+02:00,Frank,[encrypted content]
2020-05-08T23:15:40.899705+02:00,a,a
2020-05-08T23:15:40.900625+02:00,Alice,[encrypted content]
2020-05-08T23:15:40.901629+02:00,Dave,[encrypted content]
2020-05-08T23:15:40.902603+02:00,Charlie,[encrypted content]
2020-05-08T23:15:40.903583+02:00,Bob,[encrypted content]
2020-05-08T23:15:40.904507+02:00,Charlie,[encrypted content]
2020-05-08T23:15:40.905456+02:00,Greig,[encrypted content]
2020-05-08T23:15:40.906350+02:00,Frank,[encrypted content]
2020-05-08T23:15:40.907233+02:00,Bob,[encrypted content]
2020-05-08T23:16:13.535900+02:00,Dave,[encrypted content]
2020-05-08T23:16:13.536926+02:00,Dave,[encrypted content]
2020-05-08T23:16:13.537905+02:00,Greig,[encrypted content]
2020-05-08T23:16:13.538814+02:00,Dave,[encrypted content]
2020-05-08T23:16:13.539744+02:00,Frank,[encrypted content]
2020-05-08T23:16:13.540652+02:00,Charlie,[encrypted content]
2020-05-08T23:16:13.541553+02:00,Greig,[encrypted content]
2020-05-08T23:16:13.542458+02:00,Dave,[encrypted content]
2020-05-08T23:16:13.543360+02:00,Alice,[encrypted content]
2020-05-08T23:16:13.544277+02:00,Frank,[encrypted content]
2020-05-08T23:16:13.545194+02:00,Bob,[encrypted content]
2020-05-08T23:16:31.873256+02:00,Charlie,[encrypted content]
2020-05-08T23:16:31.874189+02:00,Bob,[encrypted content]
2020-05-08T23:16:31.875115+02:00,Frank,[encrypted content]
2020-05-08T23:16:31.876013+02:00,Bob,[encrypted content]
2020-05-08T23:16:31.876903+02:00,Dave,[encrypted content]
2020-05-08T23:16:31.877799+02:00,Alice,[encrypted content]
2020-05-08T23:16:31.878743+02:00,Bob,[encrypted content]
2020-05-08T23:16:31.879634+02:00,Charlie,[encrypted content]
2020-05-08T23:16:31.880520+02:00,Dave,[encrypted content]
2020-05-08T23:16:31.881419+02:00,Frank,[encrypted content]
2020-05-08T23:16:31.882292+02:00,Alice,[encrypted content]
2020-05-08T23:17:03.904745+02:00,Charlie,[encrypted content]
2020-05-08T23:17:03.905851+02:00,Dave,[encrypted content]
2020-05-08T23:17:03.906817+02:00,Alice,[encrypted content]
2020-05-08T23:17:03.907740+02:00,Dave,[encrypted content]
2020-05-08T23:17:03.908732+02:00,Frank,[encrypted content]
2020-05-08T23:17:03.909655+02:00,Bob,[encrypted content]
2020-05-08T23:17:03.910583+02:00,Frank,[encrypted content]
2020-05-08T23:17:03.911485+02:00,Dave,[encrypted content]
2020-05-08T23:17:03.912383+02:00,Charlie,[encrypted content]
2020-05-08T23:17:03.913299+02:00,Charlie,[encrypted content]
2020-05-08T23:17:03.914329+02:00,Frank,[encrypted content]
2020-05-08T23:17:15.600767+02:00,Dave,[encrypted content]
2020-05-08T23:17:15.601780+02:00,Frank,[encrypted content]
2020-05-08T23:17:15.602719+02:00,Frank,[encrypted content]
2020-05-08T23:17:15.603625+02:00,Alice,[encrypted content]
2020-05-08T23:17:15.604518+02:00,Alice,[encrypted content]
2020-05-08T23:17:15.605414+02:00,Frank,[encrypted content]
2020-05-08T23:17:15.606302+02:00,Greig,[encrypted content]
2020-05-08T23:17:15.607210+02:00,Alice,[encrypted content]
2020-05-08T23:17:15.608096+02:00,Charlie,[encrypted content]
2020-05-08T23:17:15.609034+02:00,Dave,[encrypted content]
2020-05-08T23:17:15.609938+02:00,Dave,[encrypted content]
2020-05-08T23:17:47.896546+02:00,Frank,[encrypted content]
2020-05-08T23:17:47.897625+02:00,Greig,[encrypted content]
2020-05-08T23:17:47.898573+02:00,Charlie,[encrypted content]
2020-05-08T23:17:47.899505+02:00,Alice,[encrypted content]
2020-05-08T23:17:47.900410+02:00,Bob,[encrypted content]
2020-05-08T23:17:47.901315+02:00,Greig,[encrypted content]
2020-05-08T23:17:47.902202+02:00,Bob,[encrypted content]
2020-05-08T23:17:47.903090+02:00,Dave,[encrypted content]
2020-05-08T23:17:47.903973+02:00,Bob,[encrypted content]
2020-05-08T23:17:47.904856+02:00,Greig,[encrypted content]
2020-05-08T23:17:47.905790+02:00,Bob,[encrypted content]
2020-05-08T23:18:22.835454+02:00,Alice,[encrypted content]
2020-05-08T23:18:22.836534+02:00,Frank,[encrypted content]
2020-05-08T23:18:22.837612+02:00,Bob,[encrypted content]
2020-05-08T23:18:22.838566+02:00,Bob,[encrypted content]
2020-05-08T23:18:22.839491+02:00,Charlie,[encrypted content]
2020-05-08T23:18:22.840412+02:00,Greig,[encrypted content]
2020-05-08T23:18:22.841329+02:00,Charlie,[encrypted content]
2020-05-08T23:18:22.842275+02:00,Alice,[encrypted content]
2020-05-08T23:18:22.843177+02:00,Greig,[encrypted content]
2020-05-08T23:18:22.844066+02:00,Bob,[encrypted content]
2020-05-08T23:18:22.844951+02:00,Greig,[encrypted content]
2020-05-08T23:18:47.791628+02:00,Frank,[encrypted content]
2020-05-08T23:18:47.792693+02:00,Alice,[encrypted content]
2020-05-08T23:18:47.793640+02:00,Alice,[encrypted content]
2020-05-08T23:18:47.794564+02:00,Greig,[encrypted content]
2020-05-08T23:18:47.795472+02:00,Charlie,[encrypted content]
2020-05-08T23:18:47.796388+02:00,Dave,[encrypted content]
2020-05-08T23:18:47.797288+02:00,Bob,[encrypted content]
2020-05-08T23:18:47.798172+02:00,Dave,[encrypted content]
2020-05-08T23:18:47.799044+02:00,Greig,[encrypted content]
2020-05-08T23:18:47.799964+02:00,Frank,[encrypted content]
2020-05-08T23:18:47.800875+02:00,Greig,[encrypted content]
2020-05-08T23:19:19.709237+02:00,Bob,[encrypted content]
2020-05-08T23:19:19.710237+02:00,Bob,[encrypted content]
2020-05-08T23:19:19.711158+02:00,Greig,[encrypted content]
2020-05-08T23:19:19.712082+02:00,Alice,[encrypted content]
2020-05-08T23:19:19.712983+02:00,Bob,[encrypted content]
2020-05-08T23:19:19.713885+02:00,Dave,[encrypted content]
2020-05-08T23:19:19.714789+02:00,Greig,[encrypted content]
2020-05-08T23:19:19.715670+02:00,Charlie,[encrypted content]
2020-05-08T23:19:19.716539+02:00,Alice,[encrypted content]
2020-05-08T23:19:19.717449+02:00,Dave,[encrypted content]
2020-05-08T23:19:19.718322+02:00,Greig,[encrypted content]
2020-05-08T23:19:45.247542+02:00,Alice,[encrypted content]
2020-05-08T23:19:45.248605+02:00,Alice,[encrypted content]
2020-05-08T23:19:45.249561+02:00,Dave,[encrypted content]
2020-05-08T23:19:45.250470+02:00,Greig,[encrypted content]
2020-05-08T23:19:45.251390+02:00,Greig,[encrypted content]
2020-05-08T23:19:45.252332+02:00,Dave,[encrypted content]
2020-05-08T23:19:45.253218+02:00,Bob,[encrypted content]
2020-05-08T23:19:45.254149+02:00,Greig,[encrypted content]
2020-05-08T23:19:45.255035+02:00,Alice,[encrypted content]
2020-05-08T23:19:45.255921+02:00,Dave,[encrypted content]
2020-05-08T23:19:45.256801+02:00,Dave,[encrypted content]
2020-05-08T23:20:08.897941+02:00,Alice,[encrypted content]
2020-05-08T23:20:08.898889+02:00,Dave,[encrypted content]
2020-05-08T23:20:08.899806+02:00,Alice,[encrypted content]
2020-05-08T23:20:08.900706+02:00,Bob,[encrypted content]
2020-05-08T23:20:08.901617+02:00,Frank,[encrypted content]
2020-05-08T23:20:08.902503+02:00,Frank,[encrypted content]
2020-05-08T23:20:08.903382+02:00,Bob,[encrypted content]
2020-05-08T23:20:08.904258+02:00,Frank,[encrypted content]
2020-05-08T23:20:08.905165+02:00,Dave,[encrypted content]
2020-05-08T23:20:08.906053+02:00,Charlie,[encrypted content]
2020-05-08T23:20:08.906946+02:00,Greig,[encrypted content]
2020-05-08T23:20:31.890573+02:00,Alice,[encrypted content]
2020-05-08T23:20:31.894035+02:00,Greig,[encrypted content]
2020-05-08T23:20:31.895101+02:00,Frank,[encrypted content]
2020-05-08T23:20:31.896052+02:00,Greig,[encrypted content]
2020-05-08T23:20:31.897076+02:00,Frank,[encrypted content]
2020-05-08T23:20:31.898040+02:00,Alice,[encrypted content]
2020-05-08T23:20:31.899007+02:00,Alice,[encrypted content]
2020-05-08T23:20:31.899905+02:00,Charlie,[encrypted content]
2020-05-08T23:20:31.900772+02:00,Greig,[encrypted content]
2020-05-08T23:20:31.901659+02:00,Bob,[encrypted content]
2020-05-08T23:20:31.902556+02:00,Dave,[encrypted content]
2020-05-08T23:20:52.339692+02:00,Dave,[encrypted content]
2020-05-08T23:20:52.340718+02:00,Charlie,[encrypted content]
2020-05-08T23:20:52.341728+02:00,Charlie,[encrypted content]
2020-05-08T23:20:52.342652+02:00,Bob,[encrypted content]
2020-05-08T23:20:52.343553+02:00,Charlie,[encrypted content]
2020-05-08T23:20:52.344497+02:00,Frank,[encrypted content]
2020-05-08T23:20:52.345422+02:00,Charlie,[encrypted content]
2020-05-08T23:20:52.346317+02:00,Bob,[encrypted content]
2020-05-08T23:20:52.347208+02:00,Dave,[encrypted content]
2020-05-08T23:20:52.348095+02:00,Frank,[encrypted content]
2020-05-08T23:20:52.349000+02:00,Bob,[encrypted content]
